iter,train_timestamp,train_epoch,lr_g,lr_route,l_pix,l_route,time_sec,data_time_sec,set5_timestamp,set5_psnr,set5_ssim,set5_best_psnr,set5_best_psnr_iter,set5_best_ssim,set5_best_ssim_iter,set14_timestamp,set14_psnr,set14_ssim,set14_best_psnr,set14_best_psnr_iter,set14_best_ssim,set14_best_ssim_iter,set5_route_usage_active_mean,set5_route_usage_max_mean,set5_route_usage_std_mean,set5_route_entropy_norm_mean,set5_route_router_scale_mean,set5_route_xscore_mean_mean,set5_route_xscore_std_mean,set5_route_blocks,set14_route_usage_active_mean,set14_route_usage_max_mean,set14_route_usage_std_mean,set14_route_entropy_norm_mean,set14_route_router_scale_mean,set14_route_xscore_mean_mean,set14_route_xscore_std_mean,set14_route_blocks,train_source_log,set5_source_log,set14_source_log
2500,"2026-06-07 00:37:12,158",1,0.0002,2e-05,0.021903,5.8462e-07,0.514,0.0,"2026-06-07 00:38:08,843",32.4194,0.8983,32.4194,2500,0.8983,2500,"2026-06-07 00:38:26,050",28.7987,0.7858,28.7987,2500,0.7858,2500,41.9,0.252725,0.0528625,0.6456375,5.9548,0.0411125,0.009537499999999999,8,44.8124875,0.2926625,0.0569,0.6279125,5.9548,0.041125,0.00985,8,train_train_CATANet_x4_finetune_20260607_001632.log,train_train_CATANet_x4_finetune_20260607_001632.log,train_train_CATANet_x4_finetune_20260607_001632.log
5000,"2026-06-07 00:59:53,140",3,0.0002,2e-05,0.030741,1.1012e-06,0.514,0.001,"2026-06-07 00:59:55,852",32.4347,0.898,32.4347,5000,0.8983,2500,"2026-06-07 01:00:08,541",28.8097,0.7859,28.8097,5000,0.7859,5000,42.2,0.2469625,0.0525125,0.6501375,5.9539375,0.0409875,0.0093875,8,44.875,0.282775,0.0558,0.63275,5.9539375,0.040825,0.0097875,8,train_train_CATANet_x4_finetune_20260607_001632.log,train_train_CATANet_x4_finetune_20260607_001632.log,train_train_CATANet_x4_finetune_20260607_001632.log
7500,"2026-06-07 01:20:42,203",5,0.0002,2e-05,0.027162,1.09e-06,0.512,0.0,"2026-06-07 01:21:36,272",32.4825,0.8988,32.4825,7500,0.8988,7500,"2026-06-07 01:21:49,179",28.814,0.7863,28.814,7500,0.7863,7500,40.3,0.259575,0.053,0.641725,5.953825,0.0422375,0.010324999999999999,8,43.9553625,0.2809375,0.055675,0.6289375,5.953825,0.0420125,0.0108625,8,train_train_CATANet_x4_finetune_20260607_001632.log,train_train_CATANet_x4_finetune_20260607_001632.log,train_train_CATANet_x4_finetune_20260607_001632.log
10000,"2026-06-07 01:43:15,648",7,0.0002,2e-05,0.023027,8.7024e-07,0.514,0.001,"2026-06-07 01:43:18,458",32.4763,0.8989,32.4825,7500,0.8989,10000,"2026-06-07 01:43:31,826",28.817,0.7866,28.817,10000,0.7866,10000,40.625,0.256375,0.0520375,0.64645,5.9540625,0.0414375,0.0094625,8,43.9374875,0.283225,0.055975,0.625,5.9540625,0.0413375,0.01005,8,train_train_CATANet_x4_finetune_20260607_001632.log,train_train_CATANet_x4_finetune_20260607_001632.log,train_train_CATANet_x4_finetune_20260607_001632.log
12500,"2026-06-07 02:04:08,124",9,0.0002,2e-05,0.023181,8.9682e-07,0.513,0.0,"2026-06-07 02:05:02,528",32.4908,0.8991,32.4908,12500,0.8991,12500,"2026-06-07 02:05:15,740",28.8324,0.7868,28.8324,12500,0.7868,12500,41.325,0.26125,0.053175,0.6425500000000001,5.95405,0.0416875,0.009625,8,43.678575,0.28268750000000004,0.0559875,0.6241625,5.95405,0.04165,0.0101875,8,train_train_CATANet_x4_finetune_20260607_001632.log,train_train_CATANet_x4_finetune_20260607_001632.log,train_train_CATANet_x4_finetune_20260607_001632.log
15000,"2026-06-07 02:26:43,564",11,0.0002,2e-05,0.026581,1.4283e-06,0.514,0.001,"2026-06-07 02:26:46,477",32.4734,0.8986,32.4908,12500,0.8991,12500,"2026-06-07 02:26:59,885",28.8405,0.7864,28.8405,15000,0.7868,12500,40.7,0.257025,0.0534,0.6407875,5.9541625,0.0419125,0.00985,8,44.196425,0.290025,0.0555375,0.627775,5.9541625,0.041925000000000004,0.0104625,8,train_train_CATANet_x4_finetune_20260607_001632.log,train_train_CATANet_x4_finetune_20260607_001632.log,train_train_CATANet_x4_finetune_20260607_001632.log
17500,"2026-06-07 02:47:37,217",13,0.0002,2e-05,0.022082,9.3527e-07,0.514,0.0,"2026-06-07 02:48:31,599",32.4733,0.8991,32.4908,12500,0.8991,12500,"2026-06-07 02:48:45,078",28.8166,0.7874,28.8405,15000,0.7874,17500,40.8,0.265025,0.0543875,0.631525,5.9541875,0.04245,0.0105375,8,44.794650000000004,0.28959999999999997,0.0563125,0.625925,5.9541875,0.0421375,0.01055,8,train_train_CATANet_x4_finetune_20260607_001632.log,train_train_CATANet_x4_finetune_20260607_001632.log,train_train_CATANet_x4_finetune_20260607_001632.log
20000,"2026-06-07 03:10:13,804",15,0.0002,2e-05,0.026147,1.0527e-06,0.514,0.001,"2026-06-07 03:10:16,679",32.4686,0.8989,32.4908,12500,0.8991,12500,"2026-06-07 03:10:30,071",28.817,0.7873,28.8405,15000,0.7874,17500,42.575,0.249725,0.052512500000000004,0.6521,5.955175,0.0426875,0.0107125,8,46.48215,0.27397499999999997,0.054025000000000004,0.6421749999999999,5.955175,0.0422875,0.010750000000000001,8,train_train_CATANet_x4_finetune_20260607_001632.log,train_train_CATANet_x4_finetune_20260607_001632.log,train_train_CATANet_x4_finetune_20260607_001632.log
22500,"2026-06-07 03:31:06,808",17,0.0002,2e-05,0.023534,1.1356e-06,0.514,0.0,"2026-06-07 03:32:01,173",32.5108,0.8994,32.5108,22500,0.8994,22500,"2026-06-07 03:32:14,578",28.8393,0.7874,28.8405,15000,0.7874,22500,40.475,0.2791625,0.056775,0.6201375,5.9554375,0.0426125,0.0103375,8,44.4285625,0.3040375,0.058124999999999996,0.6143125,5.9554375,0.042175000000000004,0.010750000000000001,8,train_train_CATANet_x4_finetune_20260607_001632.log,train_train_CATANet_x4_finetune_20260607_001632.log,train_train_CATANet_x4_finetune_20260607_001632.log
25000,"2026-06-07 03:53:43,884",19,0.0002,2e-05,0.021885,1.2139e-06,0.515,0.002,"2026-06-07 03:53:46,721",32.4626,0.899,32.5108,22500,0.8994,22500,"2026-06-07 03:53:59,892",28.8219,0.7874,28.8405,15000,0.7874,22500,41.525,0.25703750000000003,0.053225,0.642325,5.9560625,0.042499999999999996,0.010225,8,45.08035,0.2890625,0.0562875,0.6261875,5.9560625,0.0427125,0.011412499999999999,8,train_train_CATANet_x4_finetune_20260607_001632.log,train_train_CATANet_x4_finetune_20260607_001632.log,train_train_CATANet_x4_finetune_20260607_001632.log
27500,"2026-06-07 04:14:36,017",21,0.0002,2e-05,0.025571,1.1349e-06,0.513,0.0,"2026-06-07 04:15:30,551",32.4877,0.8989,32.5108,22500,0.8994,22500,"2026-06-07 04:15:43,959",28.851,0.7871,28.851,27500,0.7874,22500,38.8,0.2682625,0.053875,0.634425,5.9566125,0.0424875,0.0105625,8,43.07145,0.2861,0.055375,0.6282875,5.9566125,0.0424875,0.011049999999999999,8,train_train_CATANet_x4_finetune_20260607_001632.log,train_train_CATANet_x4_finetune_20260607_001632.log,train_train_CATANet_x4_finetune_20260607_001632.log
30000,"2026-06-07 04:37:10,999",23,0.0002,2e-05,0.022043,8.4725e-07,0.515,0.002,"2026-06-07 04:37:13,840",32.4869,0.899,32.5108,22500,0.8994,22500,"2026-06-07 04:37:27,011",28.8331,0.7869,28.851,27500,0.7874,22500,40.15,0.2640625,0.0537375,0.6355500000000001,5.95735,0.04255,0.010750000000000001,8,44.45535,0.2904875,0.0557625,0.6304500000000001,5.95735,0.042325,0.011125,8,train_train_CATANet_x4_finetune_20260607_001632.log,train_train_CATANet_x4_finetune_20260607_001632.log,train_train_CATANet_x4_finetune_20260607_001632.log
32500,"2026-06-07 04:58:04,040",25,0.0002,2e-05,0.026438,1.3644e-06,0.513,0.0,"2026-06-07 04:58:58,338",32.4781,0.8985,32.5108,22500,0.8994,22500,"2026-06-07 04:59:11,629",28.8535,0.7864,28.8535,32500,0.7874,22500,38.725,0.2621875,0.0536875,0.6318,5.9580875,0.042725,0.0104625,8,43.6339375,0.2863,0.05595,0.6236125,5.9580875,0.04265,0.0110375,8,train_train_CATANet_x4_finetune_20260607_001632.log,train_train_CATANet_x4_finetune_20260607_001632.log,train_train_CATANet_x4_finetune_20260607_001632.log
35000,"2026-06-07 05:20:39,051",27,0.0002,2e-05,0.024671,1.0773e-06,0.516,0.004,"2026-06-07 05:20:41,948",32.482,0.8987,32.5108,22500,0.8994,22500,"2026-06-07 05:20:55,293",28.8646,0.7873,28.8646,35000,0.7874,22500,40.3,0.2629875,0.0544125,0.6359625,5.9584624999999996,0.0420125,0.009775,8,44.1696375,0.2994625,0.0572125,0.6244,5.9584624999999996,0.0419,0.0106125,8,train_train_CATANet_x4_finetune_20260607_001632.log,train_train_CATANet_x4_finetune_20260607_001632.log,train_train_CATANet_x4_finetune_20260607_001632.log
37500,"2026-06-07 05:41:31,310",29,0.0002,2e-05,0.021904,1.202e-06,0.514,0.001,"2026-06-07 05:42:25,715",32.478,0.8989,32.5108,22500,0.8994,22500,"2026-06-07 05:42:38,894",28.8234,0.7872,28.8646,35000,0.7874,22500,38.125,0.26311249999999997,0.05435,0.6309,5.9599625,0.043187500000000004,0.0109375,8,43.348225,0.30375,0.057425,0.6176125,5.9599625,0.043075,0.0117125,8,train_train_CATANet_x4_finetune_20260607_001632.log,train_train_CATANet_x4_finetune_20260607_001632.log,train_train_CATANet_x4_finetune_20260607_001632.log
40000,"2026-06-07 06:04:07,384",31,0.0002,2e-05,0.022441,1.0362e-06,0.604,0.093,"2026-06-07 06:04:10,252",32.4843,0.8991,32.5108,22500,0.8994,22500,"2026-06-07 06:04:23,432",28.8263,0.7872,28.8646,35000,0.7874,22500,40.525,0.2591625,0.054475,0.633575,5.959725,0.042775,0.0104,8,44.9018125,0.293025,0.057124999999999995,0.6212,5.959725,0.0430625,0.0116375,8,train_train_CATANet_x4_finetune_20260607_001632.log,train_train_CATANet_x4_finetune_20260607_001632.log,train_train_CATANet_x4_finetune_20260607_001632.log
42500,"2026-06-07 06:24:59,895",33,0.0002,2e-05,0.020766,1.3023e-06,0.514,0.0,"2026-06-07 06:25:54,277",32.5152,0.8991,32.5152,42500,0.8994,22500,"2026-06-07 06:26:07,509",28.8634,0.787,28.8646,35000,0.7874,22500,39.125,0.27535,0.0544375,0.6251125,5.9607625,0.0431875,0.01085,8,43.830375,0.2965125,0.055612499999999995,0.62705,5.9607625,0.0428,0.0112875,8,train_train_CATANet_x4_finetune_20260607_001632.log,train_train_CATANet_x4_finetune_20260607_001632.log,train_train_CATANet_x4_finetune_20260607_001632.log
45000,"2026-06-07 06:47:35,120",35,0.0002,2e-05,0.024459,1.4063e-06,0.514,0.001,"2026-06-07 06:47:37,982",32.4369,0.8986,32.5152,42500,0.8994,22500,"2026-06-07 06:47:51,336",28.8438,0.7871,28.8646,35000,0.7874,22500,40.050000000000004,0.2619375,0.054425,0.6334,5.9616,0.0434,0.0110875,8,44.928562500000005,0.3048375,0.057287500000000005,0.6241875,5.9616,0.0433625,0.011625,8,train_train_CATANet_x4_finetune_20260607_001632.log,train_train_CATANet_x4_finetune_20260607_001632.log,train_train_CATANet_x4_finetune_20260607_001632.log
47500,"2026-06-07 07:08:28,375",37,0.0002,2e-05,0.023051,1.2884e-06,0.515,0.0,"2026-06-07 07:09:22,628",32.4697,0.8989,32.5152,42500,0.8994,22500,"2026-06-07 07:09:36,020",28.8705,0.7876,28.8705,47500,0.7876,47500,39.625,0.2634125,0.0543875,0.6331125,5.962675,0.0427625,0.0106,8,44.749987499999996,0.28425,0.0556125,0.6340625,5.962675,0.0427625,0.0115125,8,train_train_CATANet_x4_finetune_20260607_001632.log,train_train_CATANet_x4_finetune_20260607_001632.log,train_train_CATANet_x4_finetune_20260607_001632.log
50000,"2026-06-07 07:31:03,737",39,0.0002,2e-05,0.023832,1.2095e-06,0.515,0.001,"2026-06-07 07:31:06,549",32.5434,0.8991,32.5434,50000,0.8994,22500,"2026-06-07 07:31:19,891",28.8471,0.7867,28.8705,47500,0.7876,47500,40.0,0.25787499999999997,0.054375,0.6367125,5.9636125,0.042925,0.010675,8,44.6428625,0.2946625,0.056987499999999996,0.6301625,5.9636125,0.042925,0.0110875,8,train_train_CATANet_x4_finetune_20260607_001632.log,train_train_CATANet_x4_finetune_20260607_001632.log,train_train_CATANet_x4_finetune_20260607_001632.log
52500,"2026-06-07 07:51:55,930",41,0.0002,2e-05,0.025766,1.4481e-06,0.513,0.0,"2026-06-07 07:52:50,098",32.4716,0.8987,32.5434,50000,0.8994,22500,"2026-06-07 07:53:03,206",28.8375,0.7867,28.8705,47500,0.7876,47500,39.1,0.267,0.0547,0.6314875,5.9643625,0.043000000000000003,0.010425,8,43.973225,0.2810875,0.0541375,0.636075,5.9643625,0.04285,0.0113,8,train_train_CATANet_x4_finetune_20260607_001632.log,train_train_CATANet_x4_finetune_20260607_001632.log,train_train_CATANet_x4_finetune_20260607_001632.log
55000,"2026-06-07 08:14:30,138",43,0.0002,2e-05,0.026781,1.148e-06,0.514,0.001,"2026-06-07 08:14:32,981",32.5057,0.8994,32.5434,50000,0.8994,22500,"2026-06-07 08:14:46,185",28.8648,0.7875,28.8705,47500,0.7876,47500,40.275,0.2690125,0.054425,0.6366625,5.9655125,0.0431125,0.0106125,8,45.20535,0.28276249999999997,0.055175,0.6370625,5.9655125,0.043062500000000004,0.0114625,8,train_train_CATANet_x4_finetune_20260607_001632.log,train_train_CATANet_x4_finetune_20260607_001632.log,train_train_CATANet_x4_finetune_20260607_001632.log
57500,"2026-06-07 08:35:22,195",45,0.0002,2e-05,0.022349,1.2708e-06,0.513,0.0,"2026-06-07 08:36:16,524",32.4647,0.8988,32.5434,50000,0.8994,22500,"2026-06-07 08:36:29,739",28.8564,0.7876,28.8705,47500,0.7876,47500,39.9,0.2614125,0.05465,0.633625,5.966625,0.0433875,0.01115,8,44.5892875,0.2809125,0.05515,0.6361125,5.966625,0.0431,0.0117625,8,train_train_CATANet_x4_finetune_20260607_001632.log,train_train_CATANet_x4_finetune_20260607_001632.log,train_train_CATANet_x4_finetune_20260607_001632.log
60000,"2026-06-07 08:57:56,919",47,0.0002,2e-05,0.025552,1.1812e-06,0.514,0.001,"2026-06-07 08:57:59,694",32.4686,0.8988,32.5434,50000,0.8994,22500,"2026-06-07 08:58:12,834",28.8487,0.7867,28.8705,47500,0.7876,47500,39.925,0.27365,0.054075,0.639975,5.967075,0.0428375,0.0106375,8,44.9107125,0.275625,0.0539875,0.643975,5.967075,0.042925,0.0115125,8,train_train_CATANet_x4_finetune_20260607_001632.log,train_train_CATANet_x4_finetune_20260607_001632.log,train_train_CATANet_x4_finetune_20260607_001632.log
62500,"2026-06-07 09:18:45,586",49,0.0002,2e-05,0.025999,1.4132e-06,0.512,0.0,"2026-06-07 09:19:39,487",32.4993,0.8991,32.5434,50000,0.8994,22500,"2026-06-07 09:19:51,846",28.8443,0.7873,28.8705,47500,0.7876,47500,41.05,0.2568125,0.052587499999999995,0.6529625,5.9683,0.0428875,0.01065,8,44.8749875,0.2724875,0.053425,0.6494,5.9683,0.04295,0.01185,8,train_train_CATANet_x4_finetune_20260607_001632.log,train_train_CATANet_x4_finetune_20260607_001632.log,train_train_CATANet_x4_finetune_20260607_001632.log
65000,"2026-06-07 09:41:16,108",51,0.0002,2e-05,0.029118,1.7027e-06,0.512,0.002,"2026-06-07 09:41:18,763",32.486,0.8991,32.5434,50000,0.8994,22500,"2026-06-07 09:41:30,827",28.8591,0.7874,28.8705,47500,0.7876,47500,39.875,0.2611625,0.0533625,0.6455875,5.9687375,0.0435,0.01065,8,45.696425,0.284875,0.055125,0.6429375,5.9687375,0.04345,0.011712499999999999,8,train_train_CATANet_x4_finetune_20260607_001632.log,train_train_CATANet_x4_finetune_20260607_001632.log,train_train_CATANet_x4_finetune_20260607_001632.log
67500,"2026-06-07 10:02:03,489",53,0.0002,2e-05,0.029006,1.231e-06,0.512,0.0,"2026-06-07 10:02:57,410",32.5084,0.8993,32.5434,50000,0.8994,22500,"2026-06-07 10:03:09,406",28.8648,0.7872,28.8705,47500,0.7876,47500,40.075,0.2587375,0.053425,0.6431375,5.9697625,0.0432625,0.0105875,8,45.258937499999995,0.2830625,0.0547,0.641625,5.9697625,0.0431375,0.0116875,8,train_train_CATANet_x4_finetune_20260607_001632.log,train_train_CATANet_x4_finetune_20260607_001632.log,train_train_CATANet_x4_finetune_20260607_001632.log
70000,"2026-06-07 10:24:33,126",55,0.0002,2e-05,0.019264,1.3686e-06,0.513,0.002,"2026-06-07 10:24:35,807",32.4834,0.8988,32.5434,50000,0.8994,22500,"2026-06-07 10:24:48,502",28.8523,0.7871,28.8705,47500,0.7876,47500,39.675,0.2648875,0.0545875,0.635225,5.97075,0.043625,0.0109,8,44.491075,0.2836375,0.05515,0.6339625,5.97075,0.043575,0.012075,8,train_train_CATANet_x4_finetune_20260607_001632.log,train_train_CATANet_x4_finetune_20260607_001632.log,train_train_CATANet_x4_finetune_20260607_001632.log
72500,"2026-06-07 10:45:20,990",57,0.0002,2e-05,0.026615,1.8179e-06,0.512,0.0,"2026-06-07 10:46:15,119",32.5478,0.8993,32.5478,72500,0.8994,22500,"2026-06-07 10:46:27,749",28.8446,0.7869,28.8705,47500,0.7876,47500,40.300000000000004,0.2619,0.053225,0.6455,5.971925,0.042875,0.0106625,8,44.1875125,0.2667125,0.0532875,0.6474,5.971925,0.0427625,0.0114,8,train_train_CATANet_x4_finetune_20260607_001632.log,train_train_CATANet_x4_finetune_20260607_001632.log,train_train_CATANet_x4_finetune_20260607_001632.log
75000,"2026-06-07 11:07:52,210",59,0.0002,2e-05,0.02242,1.0368e-06,0.515,0.004,"2026-06-07 11:07:54,877",32.4797,0.8993,32.5478,72500,0.8994,22500,"2026-06-07 11:08:07,493",28.8457,0.7876,28.8705,47500,0.7876,75000,39.75,0.2749875,0.0552375,0.6328125,5.972325,0.0437,0.011125,8,44.4553625,0.30765,0.0573875,0.63045,5.972325,0.0436875,0.0122,8,train_train_CATANet_x4_finetune_20260607_001632.log,train_train_CATANet_x4_finetune_20260607_001632.log,train_train_CATANet_x4_finetune_20260607_001632.log
77500,"2026-06-07 11:28:40,762",61,0.0002,2e-05,0.024677,1.2819e-06,0.512,0.0,"2026-06-07 11:29:34,781",32.5262,0.8993,32.5478,72500,0.8994,22500,"2026-06-07 11:29:46,894",28.8645,0.7871,28.8705,47500,0.7876,75000,40.8,0.2544875,0.052137499999999996,0.65195,5.9732875,0.0431125,0.0107,8,45.5625,0.2765625,0.053337499999999996,0.64905,5.9732875,0.043025,0.0117875,8,train_train_CATANet_x4_finetune_20260607_001632.log,train_train_CATANet_x4_finetune_20260607_001632.log,train_train_CATANet_x4_finetune_20260607_001632.log
80000,"2026-06-07 11:51:11,009",63,0.0002,2e-05,0.023031,1.2382e-06,0.556,0.046,"2026-06-07 11:51:13,669",32.4918,0.8994,32.5478,72500,0.8994,22500,"2026-06-07 11:51:25,916",28.8276,0.7872,28.8705,47500,0.7876,75000,40.85,0.2675625,0.0538375,0.6469125,5.9739875,0.0430875,0.010575,8,45.8482,0.2748,0.05355,0.651775,5.9739875,0.043125000000000004,0.0116375,8,train_train_CATANet_x4_finetune_20260607_001632.log,train_train_CATANet_x4_finetune_20260607_001632.log,train_train_CATANet_x4_finetune_20260607_001632.log
82500,"2026-06-07 12:11:58,900",65,0.0002,2e-05,0.02662,1.1798e-06,0.512,0.0,"2026-06-07 12:12:52,956",32.5088,0.8991,32.5478,72500,0.8994,22500,"2026-06-07 12:13:05,256",28.8398,0.7875,28.8705,47500,0.7876,75000,40.6,0.266625,0.054475,0.6414875,5.9753375,0.043075,0.010825,8,45.803575,0.2778,0.0548625,0.64485,5.9753375,0.043025,0.011625,8,train_train_CATANet_x4_finetune_20260607_001632.log,train_train_CATANet_x4_finetune_20260607_001632.log,train_train_CATANet_x4_finetune_20260607_001632.log
85000,"2026-06-07 12:34:29,783",67,0.0002,2e-05,0.023258,1.3182e-06,0.513,0.001,"2026-06-07 12:34:32,453",32.4808,0.8985,32.5478,72500,0.8994,22500,"2026-06-07 12:34:45,111",28.838,0.7864,28.8705,47500,0.7876,75000,39.0,0.2524125,0.0532,0.6432125,5.975975,0.0434,0.010937500000000001,8,44.2767875,0.2713125,0.0539375,0.6442375,5.975975,0.04355,0.0123625,8,train_train_CATANet_x4_finetune_20260607_001632.log,train_train_CATANet_x4_finetune_20260607_001632.log,train_train_CATANet_x4_finetune_20260607_001632.log
87500,"2026-06-07 12:55:18,524",69,0.0002,2e-05,0.024321,1.4187e-06,0.512,0.0,"2026-06-07 12:56:12,461",32.4662,0.8985,32.5478,72500,0.8994,22500,"2026-06-07 12:56:24,632",28.8549,0.7871,28.8705,47500,0.7876,75000,40.2,0.2540625,0.0526625,0.649725,5.9770625,0.0437375,0.0111375,8,44.6428625,0.278,0.053974999999999995,0.6458375000000001,5.9770625,0.0437375,0.01205,8,train_train_CATANet_x4_finetune_20260607_001632.log,train_train_CATANet_x4_finetune_20260607_001632.log,train_train_CATANet_x4_finetune_20260607_001632.log
90000,"2026-06-07 13:17:49,654",71,0.0002,2e-05,0.026186,1.7537e-06,0.513,0.001,"2026-06-07 13:17:52,311",32.4837,0.8994,32.5478,72500,0.8994,22500,"2026-06-07 13:18:04,435",28.8161,0.7875,28.8705,47500,0.7876,75000,39.95,0.257025,0.053475,0.6467125,5.978475,0.043575,0.011375,8,45.089275,0.274375,0.0546,0.644925,5.978475,0.0438125,0.0125125,8,train_train_CATANet_x4_finetune_20260607_001632.log,train_train_CATANet_x4_finetune_20260607_001632.log,train_train_CATANet_x4_finetune_20260607_001632.log
92500,"2026-06-07 13:38:37,274",73,0.0002,2e-05,0.026679,1.2824e-06,0.513,0.0,"2026-06-07 13:39:31,279",32.5102,0.8994,32.5478,72500,0.8994,22500,"2026-06-07 13:39:43,508",28.862,0.7873,28.8705,47500,0.7876,75000,40.075,0.25835,0.0525875,0.650075,5.978675,0.0426,0.0102125,8,44.5446375,0.27,0.0526625,0.6537625,5.978675,0.042675,0.0112625,8,train_train_CATANet_x4_finetune_20260607_001632.log,train_train_CATANet_x4_finetune_20260607_001632.log,train_train_CATANet_x4_finetune_20260607_001632.log
95000,"2026-06-07 14:01:08,524",75,0.0002,2e-05,0.026463,1.2427e-06,0.514,0.001,"2026-06-07 14:01:11,235",32.5264,0.8994,32.5478,72500,0.8994,22500,"2026-06-07 14:01:24,055",28.8467,0.7874,28.8705,47500,0.7876,75000,40.75,0.275125,0.0547,0.6417625,5.9798125,0.0436375,0.0109625,8,45.48215,0.29145,0.0552125,0.6427499999999999,5.9798125,0.0436125,0.0120375,8,train_train_CATANet_x4_finetune_20260607_001632.log,train_train_CATANet_x4_finetune_20260607_001632.log,train_train_CATANet_x4_finetune_20260607_001632.log
97500,"2026-06-07 14:21:59,058",77,0.0002,2e-05,0.026784,1.5526e-06,0.513,0.0,"2026-06-07 14:22:53,140",32.5079,0.899,32.5478,72500,0.8994,22500,"2026-06-07 14:23:06,001",28.8459,0.787,28.8705,47500,0.7876,75000,39.75,0.2582125,0.053274999999999996,0.648325,5.980775,0.0434375,0.0111625,8,44.2321375,0.2799125,0.055075,0.641625,5.980775,0.043675,0.01225,8,train_train_CATANet_x4_finetune_20260607_001632.log,train_train_CATANet_x4_finetune_20260607_001632.log,train_train_CATANet_x4_finetune_20260607_001632.log
100000,"2026-06-07 14:44:32,197",79,0.0002,2e-05,0.024697,1.3865e-06,0.513,0.001,"2026-06-07 14:44:34,907",32.4684,0.8988,32.5478,72500,0.8994,22500,"2026-06-07 14:44:47,833",28.8519,0.7875,28.8705,47500,0.7876,75000,39.725,0.2566625,0.0536375,0.63985,5.981575,0.043687500000000004,0.01115,8,44.5982125,0.26825,0.0533125,0.6523625,5.981575,0.0434875,0.0120875,8,train_train_CATANet_x4_finetune_20260607_001632.log,train_train_CATANet_x4_finetune_20260607_001632.log,train_train_CATANet_x4_finetune_20260607_001632.log
102500,"2026-06-07 15:05:21,996",81,0.0002,2e-05,0.022237,9.313e-07,0.513,0.0,"2026-06-07 15:06:16,155",32.4916,0.8989,32.5478,72500,0.8994,22500,"2026-06-07 15:06:29,019",28.8543,0.7873,28.8705,47500,0.7876,75000,39.575,0.2488,0.05185,0.6561125,5.982825,0.043025,0.0106,8,44.2767875,0.2724625,0.0543,0.6508375,5.982825,0.0432,0.0117,8,train_train_CATANet_x4_finetune_20260607_001632.log,train_train_CATANet_x4_finetune_20260607_001632.log,train_train_CATANet_x4_finetune_20260607_001632.log
105000,"2026-06-07 15:27:54,603",83,0.0002,2e-05,0.026625,1.8921e-06,0.513,0.002,"2026-06-07 15:27:57,273",32.5148,0.8991,32.5478,72500,0.8994,22500,"2026-06-07 15:28:09,411",28.8562,0.7874,28.8705,47500,0.7876,75000,39.2,0.265125,0.053375,0.64075,5.984025,0.0430125,0.0105375,8,44.008925,0.2746375,0.05375,0.648525,5.984025,0.043262499999999995,0.011675,8,train_train_CATANet_x4_finetune_20260607_001632.log,train_train_CATANet_x4_finetune_20260607_001632.log,train_train_CATANet_x4_finetune_20260607_001632.log
107500,"2026-06-07 15:48:44,298",85,0.0002,2e-05,0.022991,1.4403e-06,0.512,0.0,"2026-06-07 15:49:38,376",32.5257,0.8991,32.5478,72500,0.8994,22500,"2026-06-07 15:49:51,232",28.8567,0.7871,28.8705,47500,0.7876,75000,39.75,0.268,0.0533625,0.6414875,5.9843625,0.0433375,0.011162499999999999,8,43.991075,0.2734625,0.05395,0.6471125,5.9843625,0.0434375,0.0120875,8,train_train_CATANet_x4_finetune_20260607_001632.log,train_train_CATANet_x4_finetune_20260607_001632.log,train_train_CATANet_x4_finetune_20260607_001632.log
110000,"2026-06-07 16:11:17,234",87,0.0002,2e-05,0.025234,1.0911e-06,0.515,0.002,"2026-06-07 16:11:20,142",32.533,0.8994,32.5478,72500,0.8994,22500,"2026-06-07 16:11:33,180",28.8641,0.7878,28.8705,47500,0.7878,110000,40.0,0.2587125,0.0533,0.646275,5.98535,0.0435125,0.011025,8,44.6785875,0.2808,0.05435,0.64775,5.98535,0.043762499999999996,0.0121,8,train_train_CATANet_x4_finetune_20260607_001632.log,train_train_CATANet_x4_finetune_20260607_001632.log,train_train_CATANet_x4_finetune_20260607_001632.log
112500,"2026-06-07 16:32:07,753",89,0.0002,2e-05,0.025686,1.1954e-06,0.513,0.0,"2026-06-07 16:33:01,866",32.4868,0.8989,32.5478,72500,0.8994,22500,"2026-06-07 16:33:14,890",28.8469,0.7868,28.8705,47500,0.7878,110000,39.375,0.2452,0.0516,0.6466000000000001,5.9861,0.043125,0.0104625,8,44.598225,0.2614125,0.0519375,0.6556875,5.9861,0.0430375,0.0115375,8,train_train_CATANet_x4_finetune_20260607_001632.log,train_train_CATANet_x4_finetune_20260607_001632.log,train_train_CATANet_x4_finetune_20260607_001632.log
115000,"2026-06-07 16:54:40,705",91,0.0002,2e-05,0.02086,1.46e-06,0.516,0.004,"2026-06-07 16:54:43,491",32.5178,0.8989,32.5478,72500,0.8994,22500,"2026-06-07 16:54:56,477",28.862,0.7873,28.8705,47500,0.7878,110000,39.95,0.2530125,0.053599999999999995,0.643425,5.98745,0.0439875,0.0111625,8,45.0446375,0.2800875,0.055099999999999996,0.6459125,5.98745,0.043875,0.0122375,8,train_train_CATANet_x4_finetune_20260607_001632.log,train_train_CATANet_x4_finetune_20260607_001632.log,train_train_CATANet_x4_finetune_20260607_001632.log
117500,"2026-06-07 17:15:31,364",93,0.0002,2e-05,0.024131,1.4988e-06,0.513,0.0,"2026-06-07 17:16:25,431",32.4939,0.8986,32.5478,72500,0.8994,22500,"2026-06-07 17:16:38,216",28.8596,0.7867,28.8705,47500,0.7878,110000,41.3,0.2506625,0.0520125,0.654975,5.9886125,0.04325,0.0104,8,45.410725,0.2720125,0.0535625,0.6531,5.9886125,0.0433625,0.0118875,8,train_train_CATANet_x4_finetune_20260607_001632.log,train_train_CATANet_x4_finetune_20260607_001632.log,train_train_CATANet_x4_finetune_20260607_001632.log
120000,"2026-06-07 17:38:04,617",95,0.0002,2e-05,0.023147,1.41e-06,0.544,0.03,"2026-06-07 17:38:07,404",32.5035,0.8992,32.5478,72500,0.8994,22500,"2026-06-07 17:38:20,399",28.8496,0.7879,28.8705,47500,0.7879,120000,40.05,0.262975,0.0524375,0.6494125000000001,5.9896375,0.043325,0.0110875,8,44.7678625,0.2746,0.0536625,0.650625,5.9896375,0.0436125,0.012325,8,train_train_CATANet_x4_finetune_20260607_001632.log,train_train_CATANet_x4_finetune_20260607_001632.log,train_train_CATANet_x4_finetune_20260607_001632.log
122500,"2026-06-07 17:58:57,031",97,0.0002,2e-05,0.021689,1.5015e-06,0.514,0.0,"2026-06-07 17:59:51,129",32.4934,0.8987,32.5478,72500,0.8994,22500,"2026-06-07 18:00:03,873",28.8577,0.787,28.8705,47500,0.7879,120000,39.75,0.262375,0.0533,0.641675,5.9903875,0.043475,0.0109375,8,43.9642875,0.26425,0.053225,0.6503125,5.9903875,0.0433375,0.011925,8,train_train_CATANet_x4_finetune_20260607_001632.log,train_train_CATANet_x4_finetune_20260607_001632.log,train_train_CATANet_x4_finetune_20260607_001632.log
125000,"2026-06-07 18:21:30,051",99,0.0002,2e-05,0.024041,1.5046e-06,0.514,0.001,"2026-06-07 18:21:32,835",32.5566,0.8996,32.5566,125000,0.8996,125000,"2026-06-07 18:21:45,826",28.8668,0.7879,28.8705,47500,0.7879,120000,39.725,0.250925,0.0523,0.6518375,5.9917875,0.0428625,0.010375,8,44.1964375,0.26905,0.053025,0.6553,5.9917875,0.043025,0.0117,8,train_train_CATANet_x4_finetune_20260607_001632.log,train_train_CATANet_x4_finetune_20260607_001632.log,train_train_CATANet_x4_finetune_20260607_001632.log
127500,"2026-06-07 18:42:20,940",101,0.0001,1e-05,0.027095,1.5559e-06,0.513,0.0,"2026-06-07 18:43:14,968",32.5532,0.8995,32.5566,125000,0.8996,125000,"2026-06-07 18:43:27,892",28.8811,0.7875,28.8811,127500,0.7879,120000,40.25,0.2480375,0.05145,0.6522875,5.9926,0.0434125,0.010775,8,44.6339375,0.2600625,0.05215,0.6591625,5.9926,0.04335,0.0116875,8,train_train_CATANet_x4_finetune_20260607_001632.log,train_train_CATANet_x4_finetune_20260607_001632.log,train_train_CATANet_x4_finetune_20260607_001632.log
130000,"2026-06-07 19:04:54,602",103,0.0001,1e-05,0.023423,9.9133e-07,0.514,0.001,"2026-06-07 19:04:57,312",32.553,0.8995,32.5566,125000,0.8996,125000,"2026-06-07 19:05:10,281",28.8481,0.7876,28.8811,127500,0.7879,120000,40.275,0.24028750000000001,0.050625,0.658725,5.9931875,0.0434125,0.0109,8,44.5893,0.26245,0.05265,0.6570375,5.9931875,0.043425,0.0119625,8,train_train_CATANet_x4_finetune_20260607_001632.log,train_train_CATANet_x4_finetune_20260607_001632.log,train_train_CATANet_x4_finetune_20260607_001632.log
132500,"2026-06-07 19:25:45,849",105,0.0001,1e-05,0.025374,1.4471e-06,0.513,0.0,"2026-06-07 19:26:39,897",32.537,0.8995,32.5566,125000,0.8996,125000,"2026-06-07 19:26:52,933",28.8613,0.7876,28.8811,127500,0.7879,120000,40.925,0.2383875,0.050325,0.664525,5.9933375,0.0432125,0.0105875,8,45.723225,0.25327500000000003,0.05135,0.66755,5.9933375,0.0432375,0.011712499999999999,8,train_train_CATANet_x4_finetune_20260607_001632.log,train_train_CATANet_x4_finetune_20260607_001632.log,train_train_CATANet_x4_finetune_20260607_001632.log
135000,"2026-06-07 19:48:19,698",107,0.0001,1e-05,0.025477,1.2381e-06,0.513,0.001,"2026-06-07 19:48:22,444",32.5562,0.8995,32.5566,125000,0.8996,125000,"2026-06-07 19:48:34,828",28.8767,0.7875,28.8811,127500,0.7879,120000,40.9,0.245675,0.0513125,0.652875,5.99455,0.0431875,0.0105,8,44.9375125,0.2651,0.0525,0.6552375,5.99455,0.0433,0.011725000000000001,8,train_train_CATANet_x4_finetune_20260607_001632.log,train_train_CATANet_x4_finetune_20260607_001632.log,train_train_CATANet_x4_finetune_20260607_001632.log
137500,"2026-06-07 20:09:09,505",109,0.0001,1e-05,0.021043,1.1015e-06,0.513,0.0,"2026-06-07 20:10:03,569",32.5213,0.8992,32.5566,125000,0.8996,125000,"2026-06-07 20:10:16,417",28.8687,0.7876,28.8811,127500,0.7879,120000,39.875,0.2473625,0.051425,0.65375,5.9951625,0.04305,0.01055,8,44.9196375,0.25345,0.0520625,0.659475,5.9951625,0.043325,0.0117875,8,train_train_CATANet_x4_finetune_20260607_001632.log,train_train_CATANet_x4_finetune_20260607_001632.log,train_train_CATANet_x4_finetune_20260607_001632.log
140000,"2026-06-07 20:31:45,007",111,0.0001,1e-05,0.024816,1.0993e-06,0.516,0.001,"2026-06-07 20:31:48,022",32.5527,0.8995,32.5566,125000,0.8996,125000,"2026-06-07 20:32:02,393",28.8728,0.7879,28.8811,127500,0.7879,140000,41.425,0.23135,0.0508875,0.66065,5.99575,0.043025,0.01035,8,45.625025,0.2554625,0.052324999999999997,0.66175,5.99575,0.0432875,0.0115875,8,train_train_CATANet_x4_finetune_20260607_001632.log,train_train_CATANet_x4_finetune_20260607_001632.log,train_train_CATANet_x4_finetune_20260607_001632.log
142500,"2026-06-07 20:52:40,298",113,0.0001,1e-05,0.02369,1.1174e-06,0.513,0.0,"2026-06-07 20:53:34,560",32.5713,0.8998,32.5713,142500,0.8998,142500,"2026-06-07 20:53:47,629",28.8648,0.788,28.8811,127500,0.788,142500,40.300000000000004,0.23845,0.0503375,0.658925,5.996875,0.0433375,0.010825,8,44.8214125,0.2581875,0.0520875,0.6607375,5.996875,0.043425,0.011825,8,train_train_CATANet_x4_finetune_20260607_001632.log,train_train_CATANet_x4_finetune_20260607_001632.log,train_train_CATANet_x4_finetune_20260607_001632.log
145000,"2026-06-07 21:15:15,371",115,0.0001,1e-05,0.02088,1.4889e-06,0.514,0.001,"2026-06-07 21:15:18,106",32.5333,0.8994,32.5713,142500,0.8998,142500,"2026-06-07 21:15:30,999",28.8612,0.7877,28.8811,127500,0.788,142500,40.25,0.23545,0.0505625,0.6565,5.996975,0.0431375,0.0106,8,43.92855,0.25935,0.05205,0.657,5.996975,0.0432,0.011525,8,train_train_CATANet_x4_finetune_20260607_001632.log,train_train_CATANet_x4_finetune_20260607_001632.log,train_train_CATANet_x4_finetune_20260607_001632.log
147500,"2026-06-07 21:36:07,349",117,0.0001,1e-05,0.021371,1.5509e-06,0.514,0.0,"2026-06-07 21:37:01,579",32.5235,0.8992,32.5713,142500,0.8998,142500,"2026-06-07 21:37:14,569",28.8716,0.7875,28.8811,127500,0.788,142500,39.95,0.24553750000000002,0.0505625,0.6563125,5.997825,0.042825,0.0105125,8,44.803575,0.2554875,0.0514,0.662275,5.997825,0.0428625,0.01145,8,train_train_CATANet_x4_finetune_20260607_001632.log,train_train_CATANet_x4_finetune_20260607_001632.log,train_train_CATANet_x4_finetune_20260607_001632.log
150000,"2026-06-07 21:58:43,462",119,0.0001,1e-05,0.020759,1.1605e-06,0.515,0.002,"2026-06-07 21:58:46,041",32.5672,0.8994,32.5713,142500,0.8998,142500,"2026-06-07 21:58:58,337",28.8829,0.7874,28.8829,150000,0.788,142500,41.375,0.234475,0.0503375,0.6599875,5.998475,0.0429,0.0103375,8,45.589275,0.2609125,0.0527,0.657125,5.998475,0.043025,0.011575,8,train_train_CATANet_x4_finetune_20260607_001632.log,train_train_CATANet_x4_finetune_20260607_001632.log,train_train_CATANet_x4_finetune_20260607_001632.log
152500,"2026-06-07 22:19:34,025",121,0.0001,1e-05,0.022986,1.6732e-06,0.516,0.0,"2026-06-07 22:20:28,144",32.5631,0.8996,32.5713,142500,0.8998,142500,"2026-06-07 22:20:41,229",28.8695,0.7877,28.8829,150000,0.788,142500,41.75,0.2396625,0.0504625,0.6608625,5.9994625,0.0431,0.01065,8,45.821425,0.2589,0.0523125,0.6612125,5.9994625,0.043187500000000004,0.011712499999999999,8,train_train_CATANet_x4_finetune_20260607_001632.log,train_train_CATANet_x4_finetune_20260607_001632.log,train_train_CATANet_x4_finetune_20260607_001632.log
155000,"2026-06-07 22:42:08,855",123,0.0001,1e-05,0.027347,1.2694e-06,0.516,0.003,"2026-06-07 22:42:11,663",32.5602,0.8997,32.5713,142500,0.8998,142500,"2026-06-07 22:42:24,737",28.8787,0.7879,28.8829,150000,0.788,142500,40.275,0.245925,0.051675,0.650525,5.9997125,0.0429125,0.0104875,8,44.8482125,0.2627,0.0525125,0.65915,5.9997125,0.04295,0.011425,8,train_train_CATANet_x4_finetune_20260607_001632.log,train_train_CATANet_x4_finetune_20260607_001632.log,train_train_CATANet_x4_finetune_20260607_001632.log
157500,"2026-06-07 23:03:01,467",125,0.0001,1e-05,0.023412,1.5389e-06,0.513,0.0,"2026-06-07 23:03:55,611",32.5595,0.8996,32.5713,142500,0.8998,142500,"2026-06-07 23:04:08,522",28.8655,0.7876,28.8829,150000,0.788,142500,41.175,0.240375,0.0507,0.6618875,6.000675,0.0427875,0.0104625,8,45.2410625,0.259525,0.052475,0.66225,6.000675,0.0428625,0.011325,8,train_train_CATANet_x4_finetune_20260607_001632.log,train_train_CATANet_x4_finetune_20260607_001632.log,train_train_CATANet_x4_finetune_20260607_001632.log
160000,"2026-06-07 23:25:36,205",127,0.0001,1e-05,0.025146,1.0094e-06,0.537,0.025,"2026-06-07 23:25:38,984",32.5564,0.8997,32.5713,142500,0.8998,142500,"2026-06-07 23:25:51,911",28.8873,0.7881,28.8873,160000,0.7881,160000,40.025,0.2384875,0.0504625,0.657625,6.001625,0.042975,0.0103625,8,44.4375,0.2582125,0.051625000000000004,0.6608125,6.001625,0.04315,0.011675,8,train_train_CATANet_x4_finetune_20260607_001632.log,train_train_CATANet_x4_finetune_20260607_001632.log,train_train_CATANet_x4_finetune_20260607_001632.log
162500,"2026-06-07 23:46:28,592",129,0.0001,1e-05,0.019891,9.9676e-07,0.513,0.0,"2026-06-07 23:47:22,787",32.5544,0.8993,32.5713,142500,0.8998,142500,"2026-06-07 23:47:35,915",28.8606,0.7873,28.8873,160000,0.7881,160000,40.4,0.2428,0.050812500000000003,0.6574375,6.0027625,0.0434,0.01105,8,45.2767875,0.2653875,0.0527125,0.6572625,6.0027625,0.0436125,0.01205,8,train_train_CATANet_x4_finetune_20260607_001632.log,train_train_CATANet_x4_finetune_20260607_001632.log,train_train_CATANet_x4_finetune_20260607_001632.log
165000,"2026-06-08 00:09:02,881",131,0.0001,1e-05,0.023095,1.4219e-06,0.514,0.001,"2026-06-08 00:09:05,669",32.5462,0.8991,32.5713,142500,0.8998,142500,"2026-06-08 00:09:18,709",28.8801,0.7875,28.8873,160000,0.7881,160000,40.325,0.24495,0.0511125,0.6558375,6.0034624999999995,0.042975,0.010375,8,45.0625,0.2653375,0.053175,0.6592125,6.0034624999999995,0.0433125,0.01145,8,train_train_CATANet_x4_finetune_20260607_001632.log,train_train_CATANet_x4_finetune_20260607_001632.log,train_train_CATANet_x4_finetune_20260607_001632.log
167500,"2026-06-08 00:29:54,100",133,0.0001,1e-05,0.02558,1.2217e-06,0.513,0.0,"2026-06-08 00:30:48,260",32.568,0.8998,32.5713,142500,0.8998,167500,"2026-06-08 00:31:01,288",28.8639,0.7879,28.8873,160000,0.7881,160000,40.0,0.2547375,0.05125,0.6514125,6.0042125,0.0431,0.0105125,8,44.312512500000004,0.271275,0.0532875,0.652875,6.0042125,0.04325,0.011475,8,train_train_CATANet_x4_finetune_20260607_001632.log,train_train_CATANet_x4_finetune_20260607_001632.log,train_train_CATANet_x4_finetune_20260607_001632.log
170000,"2026-06-08 00:52:27,904",135,0.0001,1e-05,0.026566,1.397e-06,0.514,0.001,"2026-06-08 00:52:30,708",32.5271,0.8994,32.5713,142500,0.8998,167500,"2026-06-08 00:52:43,849",28.853,0.7877,28.8873,160000,0.7881,160000,40.675,0.25585,0.0519125,0.649525,6.004925,0.0433625,0.010675,8,44.5892875,0.259675,0.052275,0.6601,6.004925,0.0434625,0.0116625,8,train_train_CATANet_x4_finetune_20260607_001632.log,train_train_CATANet_x4_finetune_20260607_001632.log,train_train_CATANet_x4_finetune_20260607_001632.log
172500,"2026-06-08 01:13:19,145",137,0.0001,1e-05,0.028493,1.4272e-06,0.512,0.0,"2026-06-08 01:14:13,157",32.5223,0.8991,32.5713,142500,0.8998,167500,"2026-06-08 01:14:25,391",28.8845,0.7874,28.8873,160000,0.7881,160000,39.875,0.2466875,0.0516875,0.64845,6.0056625,0.0433375,0.010624999999999999,8,43.8392875,0.2576875,0.0522625,0.657975,6.0056625,0.0432125,0.011375,8,train_train_CATANet_x4_finetune_20260607_001632.log,train_train_CATANet_x4_finetune_20260607_001632.log,train_train_CATANet_x4_finetune_20260607_001632.log
175000,"2026-06-08 01:35:50,057",139,0.0001,1e-05,0.024426,1.1617e-06,0.514,0.001,"2026-06-08 01:35:52,724",32.5777,0.8998,32.5777,175000,0.8998,175000,"2026-06-08 01:36:04,809",28.8811,0.7882,28.8873,160000,0.7882,175000,39.9,0.2406,0.049825,0.6612,6.0066125,0.042975,0.010225,8,44.4196625,0.2513125,0.0510875,0.6647375,6.0066125,0.043025,0.011049999999999999,8,train_train_CATANet_x4_finetune_20260607_001632.log,train_train_CATANet_x4_finetune_20260607_001632.log,train_train_CATANet_x4_finetune_20260607_001632.log
177500,"2026-06-08 01:56:37,682",141,0.0001,1e-05,0.020878,1.0517e-06,0.512,0.0,"2026-06-08 01:57:31,600",32.5809,0.8996,32.5809,177500,0.8998,175000,"2026-06-08 01:57:43,666",28.8803,0.7877,28.8873,160000,0.7882,175000,40.25,0.2499375,0.051074999999999995,0.656475,6.007675,0.043000000000000003,0.0103,8,44.7053625,0.255075,0.0516875,0.6624,6.007675,0.0429875,0.011125,8,train_train_CATANet_x4_finetune_20260607_001632.log,train_train_CATANet_x4_finetune_20260607_001632.log,train_train_CATANet_x4_finetune_20260607_001632.log
180000,"2026-06-08 02:19:08,034",143,0.0001,1e-05,0.02357,1.8005e-06,0.513,0.001,"2026-06-08 02:19:10,684",32.5641,0.8993,32.5809,177500,0.8998,175000,"2026-06-08 02:19:22,922",28.868,0.7874,28.8873,160000,0.7882,175000,41.225,0.233875,0.049525,0.667075,6.008475,0.043275,0.0107,8,44.9732,0.2598,0.052125,0.662775,6.008475,0.0434625,0.0117375,8,train_train_CATANet_x4_finetune_20260607_001632.log,train_train_CATANet_x4_finetune_20260607_001632.log,train_train_CATANet_x4_finetune_20260607_001632.log
182500,"2026-06-08 02:39:56,294",145,0.0001,1e-05,0.020757,1.265e-06,0.514,0.0,"2026-06-08 02:40:50,276",32.5576,0.8992,32.5809,177500,0.8998,175000,"2026-06-08 02:41:02,864",28.8811,0.7873,28.8873,160000,0.7882,175000,40.3,0.241325,0.0513375,0.6541,6.0095625,0.0430625,0.0104375,8,45.0624875,0.2609125,0.052525,0.657575,6.0095625,0.043075,0.0114625,8,train_train_CATANet_x4_finetune_20260607_001632.log,train_train_CATANet_x4_finetune_20260607_001632.log,train_train_CATANet_x4_finetune_20260607_001632.log
185000,"2026-06-08 03:02:27,246",147,0.0001,1e-05,0.023147,1.1018e-06,0.513,0.001,"2026-06-08 03:02:29,906",32.5526,0.8993,32.5809,177500,0.8998,175000,"2026-06-08 03:02:42,294",28.8846,0.7875,28.8873,160000,0.7882,175000,40.525,0.2536625,0.0511125,0.6575625,6.0103124999999995,0.042874999999999996,0.0102625,8,44.8839125,0.261125,0.052175,0.6601,6.0103124999999995,0.042875,0.0112375,8,train_train_CATANet_x4_finetune_20260607_001632.log,train_train_CATANet_x4_finetune_20260607_001632.log,train_train_CATANet_x4_finetune_20260607_001632.log
187500,"2026-06-08 03:23:15,394",149,0.0001,1e-05,0.023948,1.2196e-06,0.512,0.0,"2026-06-08 03:24:09,349",32.5641,0.8994,32.5809,177500,0.8998,175000,"2026-06-08 03:24:21,526",28.8644,0.7873,28.8873,160000,0.7882,175000,40.6,0.2412875,0.0498,0.6585624999999999,6.011375,0.0430375,0.01055,8,44.3392875,0.263125,0.052012499999999996,0.6580625,6.011375,0.0431375,0.011725,8,train_train_CATANet_x4_finetune_20260607_001632.log,train_train_CATANet_x4_finetune_20260607_001632.log,train_train_CATANet_x4_finetune_20260607_001632.log
190000,"2026-06-08 03:45:46,270",151,0.0001,1e-05,0.021698,1.2465e-06,0.514,0.002,"2026-06-08 03:45:48,914",32.5605,0.8995,32.5809,177500,0.8998,175000,"2026-06-08 03:46:00,851",28.8734,0.7877,28.8873,160000,0.7882,175000,39.325,0.2452125,0.049975,0.6562875,6.012075,0.04315,0.010575,8,43.7053625,0.2648875,0.052712499999999995,0.6523125,6.012075,0.0433375,0.0116125,8,train_train_CATANet_x4_finetune_20260607_001632.log,train_train_CATANet_x4_finetune_20260607_001632.log,train_train_CATANet_x4_finetune_20260607_001632.log
192500,"2026-06-08 04:06:33,479",153,0.0001,1e-05,0.022028,1.2936e-06,0.512,0.0,"2026-06-08 04:07:27,460",32.549,0.8997,32.5809,177500,0.8998,175000,"2026-06-08 04:07:39,496",28.8615,0.7878,28.8873,160000,0.7882,175000,40.525,0.2497125,0.051875,0.6514875,6.0132375,0.043725,0.011125,8,45.2143,0.2563625,0.0517625,0.666,6.0132375,0.043775,0.0121125,8,train_train_CATANet_x4_finetune_20260607_001632.log,train_train_CATANet_x4_finetune_20260607_001632.log,train_train_CATANet_x4_finetune_20260607_001632.log
195000,"2026-06-08 04:29:04,227",155,0.0001,1e-05,0.026294,1.7158e-06,0.514,0.003,"2026-06-08 04:29:06,881",32.5984,0.8997,32.5984,195000,0.8998,175000,"2026-06-08 04:29:19,102",28.8793,0.7875,28.8873,160000,0.7882,175000,40.175,0.2399,0.049675000000000004,0.66185,6.013975,0.042937499999999997,0.0103,8,44.250012500000004,0.2561375,0.0514125,0.661625,6.013975,0.0428375,0.0111375,8,train_train_CATANet_x4_finetune_20260607_001632.log,train_train_CATANet_x4_finetune_20260607_001632.log,train_train_CATANet_x4_finetune_20260607_001632.log
197500,"2026-06-08 04:49:52,602",157,0.0001,1e-05,0.023125,1.3839e-06,0.516,0.0,"2026-06-08 04:50:46,564",32.5531,0.8998,32.5984,195000,0.8998,175000,"2026-06-08 04:50:58,588",28.8782,0.7881,28.8873,160000,0.7882,175000,40.75,0.2506625,0.0507125,0.6572125,6.0151125,0.0430625,0.0104625,8,44.75,0.2532125,0.0513875,0.664325,6.0151125,0.0430875,0.0113125,8,train_train_CATANet_x4_finetune_20260607_001632.log,train_train_CATANet_x4_finetune_20260607_001632.log,train_train_CATANet_x4_finetune_20260607_001632.log
200000,"2026-06-08 05:12:23,007",159,0.0001,1e-05,0.023211,1.2509e-06,0.53,0.019,"2026-06-08 05:12:25,654",32.5713,0.8998,32.5984,195000,0.8998,175000,"2026-06-08 05:12:37,710",28.8765,0.788,28.8873,160000,0.7882,175000,40.175,0.25377500000000003,0.05225,0.648625,6.0156624999999995,0.04335,0.010625,8,44.6428625,0.2655,0.05315,0.6555125,6.0156624999999995,0.043375,0.011525,8,train_train_CATANet_x4_finetune_20260607_001632.log,train_train_CATANet_x4_finetune_20260607_001632.log,train_train_CATANet_x4_finetune_20260607_001632.log
202500,"2026-06-08 05:33:10,895",161,5e-05,5e-06,0.022662,1.363e-06,0.512,0.0,"2026-06-08 05:34:04,813",32.5728,0.8996,32.5984,195000,0.8998,175000,"2026-06-08 05:34:16,916",28.8894,0.7879,28.8894,202500,0.7882,175000,40.0,0.24345,0.0502125,0.656825,6.0159875,0.0430875,0.010450000000000001,8,44.25,0.25195,0.0511,0.6648625,6.0159875,0.043075,0.0112875,8,train_train_CATANet_x4_finetune_20260607_001632.log,train_train_CATANet_x4_finetune_20260607_001632.log,train_train_CATANet_x4_finetune_20260607_001632.log
205000,"2026-06-08 05:55:40,906",163,5e-05,5e-06,0.022899,1.2558e-06,0.513,0.001,"2026-06-08 05:55:43,570",32.5624,0.8995,32.5984,195000,0.8998,175000,"2026-06-08 05:55:55,544",28.8759,0.7878,28.8894,202500,0.7882,175000,40.575,0.2357875,0.0494375,0.663125,6.0163,0.0428375,0.0102625,8,45.1517875,0.2480125,0.050475,0.6696624999999999,6.0163,0.0428875,0.0111375,8,train_train_CATANet_x4_finetune_20260607_001632.log,train_train_CATANet_x4_finetune_20260607_001632.log,train_train_CATANet_x4_finetune_20260607_001632.log
207500,"2026-06-08 06:16:28,718",165,5e-05,5e-06,0.023978,1.746e-06,0.512,0.0,"2026-06-08 06:17:22,620",32.5727,0.8996,32.5984,195000,0.8998,175000,"2026-06-08 06:17:34,661",28.882,0.7878,28.8894,202500,0.7882,175000,39.55,0.2375875,0.050362500000000004,0.6571875,6.0167375,0.0430625,0.0105125,8,44.446425,0.2513875,0.0511875,0.664975,6.0167375,0.043025,0.0113375,8,train_train_CATANet_x4_finetune_20260607_001632.log,train_train_CATANet_x4_finetune_20260607_001632.log,train_train_CATANet_x4_finetune_20260607_001632.log
210000,"2026-06-08 06:38:58,928",167,5e-05,5e-06,0.023906,1.0297e-06,0.513,0.001,"2026-06-08 06:39:01,581",32.5767,0.8997,32.5984,195000,0.8998,175000,"2026-06-08 06:39:13,663",28.8836,0.7877,28.8894,202500,0.7882,175000,39.5,0.2361125,0.049775,0.660175,6.01715,0.0429125,0.010425,8,44.83035,0.24895,0.050675,0.6659375,6.01715,0.042925,0.011237500000000001,8,train_train_CATANet_x4_finetune_20260607_001632.log,train_train_CATANet_x4_finetune_20260607_001632.log,train_train_CATANet_x4_finetune_20260607_001632.log
212500,"2026-06-08 06:59:47,395",169,5e-05,5e-06,0.021001,1.4103e-06,0.513,0.0,"2026-06-08 07:00:41,343",32.5763,0.8996,32.5984,195000,0.8998,175000,"2026-06-08 07:00:53,681",28.8866,0.7877,28.8894,202500,0.7882,175000,39.875,0.244175,0.0503375,0.6602250000000001,6.017575,0.0429125,0.0102875,8,44.6071625,0.258375,0.051375000000000004,0.6638499999999999,6.017575,0.04295,0.0111,8,train_train_CATANet_x4_finetune_20260607_001632.log,train_train_CATANet_x4_finetune_20260607_001632.log,train_train_CATANet_x4_finetune_20260607_001632.log
215000,"2026-06-08 07:22:17,951",171,5e-05,5e-06,0.021511,1.1818e-06,0.513,0.001,"2026-06-08 07:22:20,706",32.5642,0.8999,32.5984,195000,0.8999,215000,"2026-06-08 07:22:33,048",28.8734,0.7879,28.8894,202500,0.7882,175000,40.325,0.2462875,0.0502,0.6604,6.01815,0.0430875,0.0104625,8,44.821425,0.2576625,0.051275,0.6646875,6.01815,0.0431,0.011325,8,train_train_CATANet_x4_finetune_20260607_001632.log,train_train_CATANet_x4_finetune_20260607_001632.log,train_train_CATANet_x4_finetune_20260607_001632.log
217500,"2026-06-08 07:43:06,238",173,5e-05,5e-06,0.023853,1.1856e-06,0.512,0.0,"2026-06-08 07:44:00,152",32.5825,0.8997,32.5984,195000,0.8999,215000,"2026-06-08 07:44:12,276",28.8809,0.7877,28.8894,202500,0.7882,175000,40.175000000000004,0.23481249999999998,0.0493875,0.666225,6.0184,0.0429875,0.0102625,8,44.9107125,0.2516625,0.0509,0.6693875,6.0184,0.043025,0.011275,8,train_train_CATANet_x4_finetune_20260607_001632.log,train_train_CATANet_x4_finetune_20260607_001632.log,train_train_CATANet_x4_finetune_20260607_001632.log
220000,"2026-06-08 08:05:36,539",175,5e-05,5e-06,0.021292,1.1407e-06,0.514,0.001,"2026-06-08 08:05:39,125",32.5841,0.8998,32.5984,195000,0.8999,215000,"2026-06-08 08:05:51,123",28.8768,0.7878,28.8894,202500,0.7882,175000,40.475,0.231,0.0490125,0.6678,6.01905,0.043050000000000005,0.010275,8,44.803575,0.2477125,0.05055,0.6695625000000001,6.01905,0.0431,0.0113,8,train_train_CATANet_x4_finetune_20260607_001632.log,train_train_CATANet_x4_finetune_20260607_001632.log,train_train_CATANet_x4_finetune_20260607_001632.log
222500,"2026-06-08 08:26:25,219",177,5e-05,5e-06,0.023539,1.2787e-06,0.513,0.0,"2026-06-08 08:27:19,310",32.5738,0.8997,32.5984,195000,0.8999,215000,"2026-06-08 08:27:32,057",28.8614,0.7878,28.8894,202500,0.7882,175000,40.7,0.23665,0.0491625,0.6670375,6.0196125,0.0428375,0.0101125,8,45.0446375,0.249775,0.0509,0.6672125,6.0196125,0.04295,0.0110375,8,train_train_CATANet_x4_finetune_20260607_001632.log,train_train_CATANet_x4_finetune_20260607_001632.log,train_train_CATANet_x4_finetune_20260607_001632.log
225000,"2026-06-08 08:48:58,742",179,5e-05,5e-06,0.027235,1.4755e-06,0.514,0.002,"2026-06-08 08:49:01,484",32.5875,0.8998,32.5984,195000,0.8999,215000,"2026-06-08 08:49:14,449",28.8708,0.7879,28.8894,202500,0.7882,175000,40.45,0.2361,0.048975000000000005,0.6674375,6.0204,0.043,0.0102375,8,44.8660625,0.250925,0.0506375,0.66905,6.0204,0.043075,0.011237500000000001,8,train_train_CATANet_x4_finetune_20260607_001632.log,train_train_CATANet_x4_finetune_20260607_001632.log,train_train_CATANet_x4_finetune_20260607_001632.log
227500,"2026-06-08 09:09:49,956",181,2.5e-05,2.5e-06,0.026372,9.6342e-07,0.515,0.0,"2026-06-08 09:10:44,139",32.5689,0.8997,32.5984,195000,0.8999,215000,"2026-06-08 09:10:57,197",28.8646,0.7876,28.8894,202500,0.7882,175000,40.65,0.234275,0.0486125,0.669025,6.0204125,0.042875,0.010175,8,45.4643,0.24875,0.0507875,0.6697125,6.0204125,0.042975,0.0111625,8,train_train_CATANet_x4_finetune_20260607_001632.log,train_train_CATANet_x4_finetune_20260607_001632.log,train_train_CATANet_x4_finetune_20260607_001632.log
230000,"2026-06-08 09:32:23,961",183,2.5e-05,2.5e-06,0.023299,1.1331e-06,0.514,0.002,"2026-06-08 09:32:26,759",32.5833,0.8997,32.5984,195000,0.8999,215000,"2026-06-08 09:32:39,699",28.8757,0.7878,28.8894,202500,0.7882,175000,40.525,0.2333875,0.0494375,0.6654875,6.0206,0.0428625,0.010275000000000001,8,44.6875,0.252875,0.0512,0.6668375,6.0206,0.0428625,0.0110625,8,train_train_CATANet_x4_finetune_20260607_001632.log,train_train_CATANet_x4_finetune_20260607_001632.log,train_train_CATANet_x4_finetune_20260607_001632.log
232500,"2026-06-08 09:53:14,792",185,2.5e-05,2.5e-06,0.020795,1.0335e-06,0.513,0.0,"2026-06-08 09:54:08,913",32.5713,0.8997,32.5984,195000,0.8999,215000,"2026-06-08 09:54:21,840",28.8802,0.7879,28.8894,202500,0.7882,175000,40.475,0.2367375,0.049275,0.6665375,6.0207125,0.0428875,0.0104125,8,44.982125,0.25085,0.0509,0.6681125,6.0207125,0.0428875,0.0112125,8,train_train_CATANet_x4_finetune_20260607_001632.log,train_train_CATANet_x4_finetune_20260607_001632.log,train_train_CATANet_x4_finetune_20260607_001632.log
235000,"2026-06-08 10:15:48,233",187,2.5e-05,2.5e-06,0.021372,1.3085e-06,0.515,0.003,"2026-06-08 10:15:51,011",32.584,0.8997,32.5984,195000,0.8999,215000,"2026-06-08 10:16:04,050",28.8821,0.7876,28.8894,202500,0.7882,175000,40.65,0.239325,0.0491125,0.666275,6.0209625,0.0428625,0.010325,8,44.63395,0.2558,0.051275,0.6657500000000001,6.0209625,0.0429,0.0111625,8,train_train_CATANet_x4_finetune_20260607_001632.log,train_train_CATANet_x4_finetune_20260607_001632.log,train_train_CATANet_x4_finetune_20260607_001632.log
237500,"2026-06-08 10:36:37,358",189,2.5e-05,2.5e-06,0.021354,1.0755e-06,0.512,0.0,"2026-06-08 10:37:31,427",32.577,0.8997,32.5984,195000,0.8999,215000,"2026-06-08 10:37:44,495",28.878,0.788,28.8894,202500,0.7882,175000,40.525,0.2328375,0.0489125,0.667475,6.0212,0.0429625,0.0102875,8,44.883925,0.2500875,0.0510375,0.6656500000000001,6.0212,0.04305,0.0112,8,train_train_CATANet_x4_finetune_20260607_001632.log,train_train_CATANet_x4_finetune_20260607_001632.log,train_train_CATANet_x4_finetune_20260607_001632.log
240000,"2026-06-08 10:59:09,455",191,1.25e-05,1.25e-06,0.022823,1.2708e-06,0.526,0.015,"2026-06-08 10:59:12,238",32.5772,0.8997,32.5984,195000,0.8999,215000,"2026-06-08 10:59:25,269",28.8899,0.788,28.8899,240000,0.7882,175000,40.8,0.2313375,0.048275,0.6713875,6.021225,0.0428,0.0101125,8,44.8660625,0.24558750000000001,0.050112500000000004,0.671875,6.021225,0.0428375,0.0110625,8,train_train_CATANet_x4_finetune_20260607_001632.log,train_train_CATANet_x4_finetune_20260607_001632.log,train_train_CATANet_x4_finetune_20260607_001632.log
242500,"2026-06-08 11:19:58,798",193,1.25e-05,1.25e-06,0.021287,9.6811e-07,0.512,0.0,"2026-06-08 11:20:53,017",32.5913,0.8998,32.5984,195000,0.8999,215000,"2026-06-08 11:21:05,950",28.8822,0.7878,28.8899,240000,0.7882,175000,40.525,0.23093750000000002,0.048424999999999996,0.6696,6.0213375,0.0428125,0.010125,8,45.0,0.2508625,0.05075,0.669175,6.0213375,0.042925,0.011075,8,train_train_CATANet_x4_finetune_20260607_001632.log,train_train_CATANet_x4_finetune_20260607_001632.log,train_train_CATANet_x4_finetune_20260607_001632.log
245000,"2026-06-08 11:42:30,758",195,1.25e-05,1.25e-06,0.02328,1.4377e-06,0.512,0.001,"2026-06-08 11:42:33,517",32.5933,0.8998,32.5984,195000,0.8999,215000,"2026-06-08 11:42:46,619",28.8834,0.7879,28.8899,240000,0.7882,175000,41.15,0.23423750000000002,0.0483875,0.67105,6.02145,0.0429,0.01025,8,45.2589375,0.2507625,0.050824999999999995,0.6684375,6.02145,0.0429,0.0110625,8,train_train_CATANet_x4_finetune_20260607_001632.log,train_train_CATANet_x4_finetune_20260607_001632.log,train_train_CATANet_x4_finetune_20260607_001632.log
247500,"2026-06-08 12:03:19,713",197,1.25e-05,1.25e-06,0.021117,1.1129e-06,0.513,0.0,"2026-06-08 12:04:13,805",32.5889,0.8999,32.5984,195000,0.8999,215000,"2026-06-08 12:04:26,919",28.8769,0.7879,28.8899,240000,0.7882,175000,41.15,0.2367,0.048825,0.6689625,6.021575,0.0428875,0.0102375,8,44.910737499999996,0.2492125,0.0507375,0.668875,6.021575,0.0428875,0.011025,8,train_train_CATANet_x4_finetune_20260607_001632.log,train_train_CATANet_x4_finetune_20260607_001632.log,train_train_CATANet_x4_finetune_20260607_001632.log
250000,"2026-06-08 12:25:51,022",199,1.25e-05,1.25e-06,0.024034,1.1433e-06,0.513,0.001,"2026-06-08 12:25:53,813",32.5862,0.8998,32.5984,195000,0.8999,215000,"2026-06-08 12:26:06,891",28.8838,0.788,28.8899,240000,0.7882,175000,40.6,0.2348125,0.0487625,0.6678999999999999,6.0217125000000005,0.042825,0.01025,8,45.0714125,0.24960000000000002,0.050624999999999996,0.670075,6.0217125000000005,0.0428375,0.0111,8,train_train_CATANet_x4_finetune_20260607_001632.log,train_train_CATANet_x4_finetune_20260607_001632.log,train_train_CATANet_x4_finetune_20260607_001632.log
